congress,chamber,icpsr,state_icpsr,district_code,state_abbrev,party_code,occupancy,last_means,bioname,bioguide_id,born,died,nominate_dim1,nominate_dim2,nominate_log_likelihood,nominate_geo_mean_probability,nominate_number_of_votes,nominate_number_of_errors,conditional,nokken_poole_dim1,nokken_poole_dim2
117,President,99913,99,0,USA,100,0,0,"BIDEN, Joseph Robinette, Jr.",B000444,1942.0,,,,,,,,,,
117,House,20301,41,3,AL,200,,,"ROGERS, Mike Dennis",R000575,1958.0,,0.359,0.457,-34.34842,0.85784,224,9,,0.503,0.061
117,House,21102,41,7,AL,100,,,"SEWELL, Terri",S001185,1965.0,,-0.392,0.402,-6.69525,0.97081,226,3,,-0.698,0.371
117,House,21193,41,5,AL,200,,,"BROOKS, Mo",B001274,1954.0,,0.654,-0.442,-26.27642,0.88978,225,14,,0.777,-0.331
117,House,21500,41,6,AL,200,,,"PALMER, Gary James",P000609,1954.0,,0.703,-0.011,-14.74486,0.9379,230,8,,0.687,0.281
117,House,22108,41,1,AL,200,,,"CARL, Jerry L.",C001054,1958.0,,0.599,0.431,-14.35663,0.93949,230,6,,0.603,0.426
117,House,22140,41,2,AL,200,,,"MOORE, Barry",M001212,1966.0,,0.67,-0.154,-21.63902,0.90632,220,11,,0.681,-0.15
117,House,29701,41,4,AL,200,,,"ADERHOLT, Robert",A000055,1965.0,,0.374,0.586,-45.55137,0.81525,223,13,,0.587,0.02
117,House,14066,81,1,AK,200,,,"YOUNG, Donald Edwin",Y000033,1933.0,,0.284,0.021,-40.19341,0.81876,201,15,,0.294,-0.072
117,House,20305,61,3,AZ,100,,,"GRIJALVA, Raúl M.",G000551,1948.0,,-0.598,-0.255,-2.91705,0.9874,230,1,,-0.395,-0.352
117,House,20902,61,2,AZ,100,,,"KIRKPATRICK, Ann",K000368,1950.0,,-0.166,-0.005,-10.56517,0.9551,230,5,,-0.559,0.39
117,House,21103,61,4,AZ,200,,,"GOSAR, Paul",G000565,1958.0,,0.683,-0.425,-21.56907,0.9082,224,11,,0.758,-0.408
117,House,21105,61,6,AZ,200,,,"SCHWEIKERT, David",S001183,1962.0,,0.582,-0.31,-28.87451,0.88202,230,16,,0.502,0.04
117,House,21502,61,7,AZ,100,,,"GALLEGO, Ruben",G000574,1979.0,,-0.451,-0.013,-2.86071,0.98748,227,2,,-0.674,-0.002
117,House,21705,61,5,AZ,200,,,"BIGGS, Andrew S.",B001302,1958.0,,0.883,-0.469,-25.8436,0.89284,228,12,,1.0,-0.03
117,House,21739,61,1,AZ,100,,,"O'HALLERAN, Thomas C.",O000171,1946.0,,-0.192,0.157,-5.1088,0.97765,226,2,,-0.362,0.457
117,House,21757,61,8,AZ,200,,,"LESKO, Debbie",L000589,1958.0,,0.6,-0.025,-21.36687,0.91017,227,6,,0.595,-0.078
117,House,21968,61,9,AZ,100,,,"STANTON, Greg",S001211,1970.0,,-0.309,-0.077,-2.43348,0.98948,230,0,,-0.297,-0.282
117,House,21106,42,1,AR,200,,,"CRAWFORD, Rick",C001087,1966.0,,0.426,0.493,-31.76289,0.86942,227,13,,0.661,0.656
117,House,21108,42,3,AR,200,,,"WOMACK, Steve",W000809,1957.0,,0.354,0.574,-19.77097,0.91763,230,9,,0.343,0.453
117,House,21503,42,2,AR,200,,,"HILL, French",H001072,1956.0,,0.447,0.236,-14.20384,0.9396,228,7,,0.388,0.374
117,House,21563,42,4,AR,200,,,"WESTERMAN, Bruce Eugene",W000821,1967.0,,0.551,0.315,-15.31499,0.93476,227,5,,0.539,0.148
117,House,15448,71,12,CA,100,,,"PELOSI, Nancy",P000197,1940.0,,-0.49,-0.206,-0.03043,0.99913,35,0,,-0.433,-0.009
117,House,20104,71,28,CA,100,,,"SCHIFF, Adam",S001150,1960.0,,-0.349,-0.128,-3.55598,0.98466,230,2,,-0.528,-0.013
117,House,20107,71,50,CA,200,,,"ISSA, Darrell",I000056,1953.0,,0.502,-0.078,-24.24806,0.89287,214,9,,0.403,0.267
117,House,20307,71,22,CA,200,,,"NUNES, Devin",N000181,1973.0,,0.45,0.219,-13.42488,0.94158,223,5,,0.444,0.691
117,House,20310,71,38,CA,100,,,"SÁNCHEZ, Linda T.",S001156,1969.0,,-0.508,-0.136,-3.33175,0.98543,227,2,,-0.379,-0.197
117,House,20501,71,16,CA,100,,,"COSTA, Jim",C001059,1952.0,,-0.192,0.462,-9.38968,0.9584,221,3,,-0.428,0.45
117,House,20538,71,6,CA,100,,,"MATSUI, Doris",M001163,1944.0,,-0.434,-0.159,-4.58855,0.97963,223,2,,-0.4,0.09
117,House,20702,71,9,CA,100,,,"McNERNEY, Jerry",M001166,1951.0,,-0.262,-0.153,-3.76202,0.98378,230,2,,-0.38,-0.195
117,House,20703,71,23,CA,200,,,"MCCARTHY, Kevin",M001165,1965.0,,0.456,0.221,-16.58018,0.93016,229,4,,0.376,0.634
117,House,20762,71,14,CA,100,,,"SPEIER, Karen Lorraine Jacqueline (Jackie)",S001175,1950.0,,-0.38,-0.439,-2.38316,0.98937,223,1,,-0.306,-0.302
117,House,20903,71,4,CA,200,,,"McCLINTOCK, Tom",M001177,1956.0,,0.715,-0.471,-39.94372,0.8393,228,22,,0.645,-0.468
117,House,20955,71,27,CA,100,,,"CHU, Judy",C001080,1953.0,,-0.488,-0.375,-2.75628,0.98798,228,1,,-0.683,-0.031
117,House,20958,71,3,CA,100,,,"GARAMENDI, John",G000559,1945.0,,-0.309,-0.092,-4.23583,0.98151,227,2,,-0.257,-0.043
117,House,21110,71,37,CA,100,,,"BASS, Karen",B001270,1953.0,,-0.585,-0.108,-1.9592,0.99133,225,0,,-0.558,-0.311
117,House,21302,71,1,CA,200,,,"LaMALFA, Doug",L000578,1960.0,,0.533,0.082,-26.90465,0.8839,218,11,,0.552,-0.007
117,House,21303,71,2,CA,100,,,"HUFFMAN, Jared",H001068,1964.0,,-0.427,-0.551,-5.22964,0.97732,228,2,,-0.428,-0.565
117,House,21304,71,7,CA,100,,,"BERA, Ami",B001287,1965.0,,-0.234,0.016,-4.55803,0.98038,230,2,,-0.422,0.2
117,House,21306,71,15,CA,100,,,"SWALWELL, Eric",S001193,1980.0,,-0.368,-0.106,-2.34539,0.98977,228,0,,-0.297,-0.283
117,House,21307,71,21,CA,200,,,"VALADAO, David G.",V000129,1977.0,,0.256,0.414,-21.31462,0.90766,220,8,,0.264,0.446
117,House,21308,71,26,CA,100,,,"BROWNLEY, Julia",B001285,1952.0,,-0.286,0.051,-3.07897,0.98647,226,1,,-0.302,-0.047
117,House,21309,71,29,CA,100,,,"CÁRDENAS, Tony",C001097,1963.0,,-0.384,0.023,-5.39691,0.9763,225,5,,-0.69,0.487
117,House,21311,71,36,CA,100,,,"RUIZ, Raul",R000599,1972.0,,-0.244,0.06,-5.00506,0.97847,230,3,,-0.429,0.076
117,House,21312,71,41,CA,100,,,"TAKANO, Mark",T000472,1960.0,,-0.464,-0.254,-5.02629,0.97801,226,3,,-0.559,0.39
117,House,21313,71,47,CA,100,,,"LOWENTHAL, Alan",L000579,1941.0,,-0.451,-0.367,-3.11877,0.98641,228,2,,-0.528,-0.013
117,House,21314,71,51,CA,100,,,"VARGAS, Juan",V000130,1961.0,,-0.4,0.094,-3.40371,0.98505,226,1,,-0.393,-0.354
117,House,21315,71,52,CA,100,,,"PETERS, Scott",P000608,1958.0,,-0.181,-0.037,-7.26123,0.96852,227,3,,-0.257,0.356
117,House,21504,71,11,CA,100,,,"DESAULNIER, Mark James",D000623,1952.0,,-0.531,-0.366,-2.52062,0.98896,227,1,,-0.688,-0.025
117,House,21506,71,31,CA,100,,,"AGUILAR, Peter Rey",A000371,1979.0,,-0.293,0.14,-3.23394,0.98598,229,1,,-0.441,0.431
117,House,21507,71,33,CA,100,,,"LIEU, Ted",L000582,1969.0,,-0.374,-0.258,-3.22706,0.98601,229,1,,-0.528,-0.013
117,House,21508,71,35,CA,100,,,"TORRES, Norma Judith",T000474,1965.0,,-0.361,0.034,-3.27967,0.98584,230,2,,-0.422,0.2
117,House,21703,71,44,CA,100,,,"BARRAGÁN, Nanette Diaz",B001300,1976.0,,-0.515,0.036,-3.48513,0.9847,226,3,,-0.588,-0.099
117,House,21709,71,24,CA,100,,,"CARBAJAL, Salud",C001112,1964.0,,-0.301,0.136,-3.28567,0.98582,230,1,,-0.302,-0.047
117,House,21711,71,46,CA,100,,,"CORREA, Jose Luis",C001110,1958.0,,-0.28,0.29,-5.84733,0.9749,230,3,,-0.248,-0.107
117,House,21728,71,17,CA,100,,,"KHANNA, Rohit",K000389,1976.0,,-0.571,-0.274,-2.68564,0.98834,229,1,,-0.395,-0.352
117,House,21740,71,20,CA,100,,,"PANETTA, James Varni",P000613,1969.0,,-0.308,0.057,-3.56842,0.9846,230,2,,-0.463,0.384
117,House,21754,71,34,CA,100,,,"GOMEZ, Jimmy",G000585,1974.0,,-0.587,-0.117,-2.71567,0.98811,227,1,,-0.394,-0.353
117,House,21930,71,10,CA,100,,,"HARDER, Josh",H001090,1986.0,,-0.375,0.724,-3.97695,0.98278,229,1,,-0.342,0.596
117,House,21939,71,49,CA,100,,,"LEVIN, Mike",L000593,1978.0,,-0.367,0.156,-3.16012,0.98635,230,2,,-0.463,0.384
117,House,21954,71,45,CA,100,,,"PORTER, Katie",P000618,1974.0,,-0.185,-0.006,-17.09026,0.92839,230,3,,-0.226,-0.228
117,House,21988,71,25,CA,200,,,"GARCIA, Mike",G000061,1976.0,,0.381,0.152,-32.46493,0.86728,228,15,,0.364,0.094
117,House,22126,71,53,CA,100,,,"JACOBS, Sara",J000305,1989.0,,-0.394,-0.349,-1.91203,0.99169,229,0,,-0.395,-0.352
117,House,22129,71,39,CA,200,,,"KIM, Young",K000397,1962.0,,0.263,0.208,-28.35145,0.88259,227,11,,0.27,0.191
117,House,22145,71,8,CA,200,,,"OBERNOLTE, Jay",O000019,1970.0,,0.314,0.498,-23.43063,0.90152,226,13,,0.319,0.484
117,House,22152,71,48,CA,200,,,"STEEL, Michelle",S001135,1955.0,,0.313,0.53,-20.14021,0.91364,223,11,,0.308,0.536
117,House,29106,71,43,CA,100,,,"WATERS, Maxine",W000187,1938.0,,-0.653,-0.072,-4.31269,0.98093,224,2,,-0.353,-0.328
117,House,29312,71,18,CA,100,,,"ESHOO, Anna Georges",E000215,1942.0,,-0.381,-0.423,-5.5275,0.97594,227,2,,-0.302,-0.047
117,House,29317,71,40,CA,100,,,"ROYBAL-ALLARD, Lucille",R000486,1941.0,,-0.47,-0.185,-3.15232,0.98633,229,1,,-0.297,-0.282
117,House,29323,71,42,CA,200,,,"CALVERT, Ken",C000059,1953.0,,0.35,0.224,-19.41702,0.91661,223,8,,0.362,0.536
117,House,29504,71,19,CA,100,,,"LOFGREN, Zoe",L000397,1947.0,,-0.402,-0.442,-6.51666,0.97182,228,2,,-0.397,0.085
117,House,29707,71,30,CA,100,,,"SHERMAN, Brad",S000344,1954.0,,-0.342,-0.146,-3.77215,0.98366,229,2,,-0.422,0.199
117,House,29778,71,13,CA,100,,,"LEE, Barbara",L000551,1946.0,,-0.682,-0.585,-3.11338,0.98644,228,1,,-0.559,-0.31
117,House,29901,71,5,CA,100,,,"THOMPSON, Michael",T000460,1951.0,,-0.395,0.067,-7.74384,0.96675,229,4,,-0.245,0.211
117,House,29903,71,32,CA,100,,,"NAPOLITANO, Grace Flores",N000179,1936.0,,-0.448,-0.248,-3.19495,0.98615,229,1,,-0.38,-0.195
117,House,20704,62,5,CO,200,,,"LAMBORN, Doug",L000564,1954.0,,0.677,0.198,-20.43217,0.91392,227,10,,0.624,0.095
117,House,20705,62,7,CO,100,,,"PERLMUTTER, Ed",P000593,1953.0,,-0.282,0.077,-4.59831,0.98021,230,3,,-0.377,0.283
117,House,21510,62,4,CO,200,,,"BUCK, Kenneth Robert",B001297,1959.0,,0.73,-0.453,-32.48978,0.86035,216,18,,0.648,-0.444
117,House,21912,62,6,CO,100,,,"CROW, Jason",C001121,1979.0,,-0.274,0.379,-5.94179,0.97439,229,2,,-0.377,0.283
117,House,21948,62,2,CO,100,,,"NEGUSE, Joseph",N000191,1984.0,,-0.424,-0.417,-3.39584,0.98534,230,2,,-0.297,-0.282
117,House,22103,62,3,CO,200,,,"BOEBERT, Lauren",B000825,1986.0,,0.778,-0.438,-25.78635,0.89034,222,14,,0.786,-0.448
117,House,29710,62,1,CO,100,,,"DeGETTE, Diana",D000197,1957.0,,-0.431,-0.311,-4.35517,0.98116,229,2,,-0.284,-0.158
117,House,20706,1,2,CT,100,,,"COURTNEY, Joe",C001069,1953.0,,-0.344,0.015,-4.28616,0.98154,230,2,,-0.335,-0.204
117,House,20907,1,4,CT,100,,,"HIMES, James A.",H001047,1966.0,,-0.243,-0.235,-3.51755,0.98476,229,2,,-0.292,0.046
117,House,21931,1,5,CT,100,,,"HAYES, Jahana",H001081,1973.0,,-0.367,-0.023,-12.70736,0.94625,230,6,,-0.34,0.004
117,House,29109,1,3,CT,100,,,"DeLAURO, Rosa L.",D000216,1943.0,,-0.415,-0.117,-5.21525,0.97739,228,4,,-0.351,0.029
117,House,29908,1,1,CT,100,,,"LARSON, John B.",L000557,1948.0,,-0.397,-0.052,-3.94955,0.98252,224,2,,-0.334,-0.206
117,House,21706,11,1,DE,100,,,"BLUNT ROCHESTER, Lisa",B001303,1962.0,,-0.334,-0.128,-3.96469,0.98284,229,2,,-0.559,-0.31
117,House,20316,43,25,FL,200,,,"DIAZ-BALART, Mario",D000600,1961.0,,0.281,0.125,-33.04876,0.86451,227,14,,0.295,0.34
117,House,20504,43,23,FL,100,,,"WASSERMAN SCHULTZ, Debbie",W000797,1966.0,,-0.42,0.068,-9.41265,0.9599,230,3,,-0.256,-0.268
117,House,20708,43,14,FL,100,,,"CASTOR, Kathy",C001066,1966.0,,-0.438,0.045,-3.0341,0.98678,228,2,,-0.429,0.076
117,House,20709,43,16,FL,200,,,"BUCHANAN, Vernon G.",B001260,1951.0,,0.36,-0.126,-25.8351,0.89198,226,8,,0.387,0.194
117,House,20758,43,12,FL,200,,,"BILIRAKIS, Gus",B001257,1963.0,,0.404,0.026,-17.4391,0.92542,225,5,,0.399,0.286
117,House,20909,43,8,FL,200,,,"POSEY, Bill",P000599,1947.0,,0.524,-0.327,-33.47073,0.8612,224,13,,0.582,-0.328
117,House,20959,43,22,FL,100,,,"DEUTCH, Theodore E. (Ted)",D000610,1966.0,,-0.4,-0.092,-3.14409,0.98612,225,2,,-0.43,0.077
117,House,21116,43,11,FL,200,,,"WEBSTER, Daniel A.",W000806,1949.0,,0.509,-0.047,-20.90224,0.89478,188,9,,0.545,-0.052
117,House,21118,43,24,FL,100,,,"WILSON, Frederica",W000808,1942.0,,-0.478,-0.015,-3.0487,0.98678,229,2,,-0.683,-0.031
117,House,21321,43,21,FL,100,,,"FRANKEL, Lois",F000462,1948.0,,-0.399,-0.085,-3.34936,0.98542,228,2,,-0.354,-0.326
117,House,21712,43,13,FL,100,,,"CRIST, Charlie Joseph Jr.",C001111,1956.0,,-0.224,0.045,-4.29867,0.98124,227,2,,-0.274,0.055
117,House,21713,43,10,FL,100,,,"DEMINGS, Valdez Butler",D000627,1957.0,,-0.341,-0.088,-4.27732,0.98157,230,3,,-0.441,0.432
117,House,21714,43,2,FL,200,,,"DUNN, Neal Patrick",D000628,1953.0,,0.528,0.262,-21.65705,0.90665,221,6,,0.477,0.732
117,House,21719,43,1,FL,200,,,"GAETZ, Matthew L. II",G000578,1982.0,,0.628,-0.608,-40.61166,0.83144,220,16,,0.646,-0.748
117,House,21732,43,5,FL,100,,,"LAWSON, Alfred Jr.",L000586,1948.0,,-0.258,0.074,-6.5163,0.97195,229,3,,-0.586,0.297
117,House,21735,43,18,FL,200,,,"MAST, Brian Jeffery",M001199,1980.0,,0.44,-0.335,-44.90028,0.81539,220,24,,0.53,-0.377
117,House,21738,43,7,FL,100,,,"MURPHY, Stephanie",M001202,1978.0,,-0.159,0.086,-13.06635,0.94077,214,5,,-0.187,0.081
117,House,21744,43,4,FL,200,,,"RUTHERFORD, John Henry",R000609,1952.0,,0.404,0.157,-43.51697,0.82555,227,16,,0.505,-0.012
117,House,21746,43,9,FL,100,,,"SOTO, Darren Michael",S001200,1978.0,,-0.379,0.121,-3.09782,0.98656,229,1,,-0.301,-0.048
117,House,21971,43,17,FL,200,,,"STEUBE, William",S001214,1978.0,,0.675,-0.336,-23.81141,0.90083,228,11,,0.762,-0.237
117,House,21981,43,6,FL,200,,,"WALTZ, Michael",W000823,1974.0,,0.42,-0.115,-18.71021,0.92055,226,4,,0.448,0.22
117,House,22107,43,3,FL,200,,,"CAMMACK, Kat",C001039,1988.0,,0.665,-0.177,-19.6751,0.91767,229,8,,0.66,-0.182
117,House,22111,43,19,FL,200,,,"DONALDS, Byron",D000032,1978.0,,0.717,-0.076,-15.39181,0.93359,224,6,,0.712,-0.083
117,House,22116,43,15,FL,200,,,"FRANKLIN, C. Scott",F000472,1964.0,,0.575,0.096,-14.61098,0.93713,225,5,,0.578,0.09
117,House,22118,43,26,FL,200,,,"GIMENEZ, Carlos A.",G000593,1954.0,,0.252,0.178,-33.90267,0.86295,230,13,,0.253,0.172
117,House,22150,43,27,FL,200,,,"SALAZAR, Maria Elvira",S000168,1961.0,,0.255,0.091,-29.51281,0.87338,218,15,,0.25,0.104
117,House,29337,43,20,FL,100,,,"HASTINGS, Alcee Lamar",H000324,1936.0,,-0.564,0.157,-1.0145,0.988,84,0,,-0.567,-0.227
117,House,20321,44,13,GA,100,,,"SCOTT, David",S001157,1945.0,,-0.302,0.163,-4.57042,0.97962,222,1,,-0.397,0.085
117,House,20712,44,4,GA,100,,,"JOHNSON, Hank",J000288,1954.0,,-0.468,0.014,-3.73653,0.98353,225,3,,-0.422,0.2
117,House,21123,44,8,GA,200,,,"SCOTT, Austin",S001189,1969.0,,0.566,0.199,-13.05002,0.9403,212,5,,0.536,0.202
117,House,21513,44,1,GA,200,,,"CARTER, Buddy",C001103,1957.0,,0.585,0.266,-11.35182,0.94079,186,4,,0.621,0.572
117,House,21514,44,10,GA,200,,,"HICE, Jody Brownlow",H001071,1960.0,,0.793,-0.153,-18.90893,0.91581,215,10,,0.771,-0.38
117,House,21515,44,11,GA,200,,,"LOUDERMILK, Barry D.",L000583,1963.0,,0.693,-0.001,-9.50941,0.95654,214,3,,0.716,0.106
117,House,21516,44,12,GA,200,,,"ALLEN, Rick W.",A000372,1951.0,,0.69,0.288,-13.12516,0.94358,226,7,,0.822,0.522
117,House,21717,44,3,GA,200,,,"FERGUSON, Anderson Drew IV",F000465,1967.0,,0.601,0.116,-22.80729,0.9036,225,12,,0.527,-0.001
117,House,21944,44,6,GA,100,,,"McBATH, Lucy",M001208,1960.0,,-0.264,0.405,-5.88417,0.97474,230,3,,-0.408,0.744
117,House,22104,44,7,GA,100,,,"BOURDEAUX, Carolyn",B001312,1970.0,,-0.254,0.543,-10.12065,0.95695,230,3,,-0.254,0.543
117,House,22110,44,9,GA,200,,,"CLYDE, Andrew S.",C001116,1963.0,,0.812,-0.165,-15.90474,0.92772,212,9,,0.814,-0.176
117,House,22121,44,14,GA,200,,,"GREENE, Marjorie Taylor",G000596,1974.0,,0.8,-0.6,-20.60907,0.9121,224,11,,1.0,-0.03
117,House,22156,44,5,GA,100,,,"WILLIAMS, Nikema",W000788,1978.0,,-0.554,-0.307,-1.75261,0.99238,229,0,,-0.559,-0.31
117,House,29339,44,2,GA,100,,,"BISHOP, Sanford Dixon, Jr.",B000490,1947.0,,-0.283,0.462,-7.56464,0.96722,227,3,,-0.548,0.483
117,House,20322,82,1,HI,100,,,"CASE, Ed",C001055,1952.0,,-0.196,-0.118,-13.61393,0.94179,227,4,,-0.159,0.027
117,House,22128,82,2,HI,100,,,"KAHELE, Kaialiʻi",K000396,1974.0,,-0.394,-0.349,-1.91171,0.99161,227,0,,-0.395,-0.352
117,House,21920,63,1,ID,200,,,"FULCHER, Russell",F000469,1973.0,,0.637,0.046,-14.84658,0.92633,194,7,,0.717,0.199
117,House,29910,63,2,ID,200,,,"SIMPSON, Michael K.",S001148,1950.0,,0.297,0.287,-29.93998,0.86771,211,15,,0.274,0.386
117,House,20749,21,11,IL,100,,,"FOSTER, Bill",F000454,1955.0,,-0.229,-0.224,-5.89885,0.97457,229,2,,-0.528,-0.013
117,House,20954,21,5,IL,100,,,"QUIGLEY, Mike",Q000023,1958.0,,-0.322,-0.278,-3.30381,0.98568,229,1,,-0.466,0.08
117,House,21128,21,16,IL,200,,,"KINZINGER, Adam",K000378,1978.0,,0.266,0.318,-36.66647,0.83249,200,13,,0.186,0.384
117,House,21326,21,10,IL,100,,,"SCHNEIDER, Brad",S001190,1961.0,,-0.177,-0.183,-10.18519,0.9565,229,5,,-0.431,0.613
117,House,21328,21,13,IL,200,,,"DAVIS, Rodney",D000619,1970.0,,0.272,0.178,-27.31181,0.88122,216,13,,0.243,0.217
117,House,21329,21,17,IL,100,,,"BUSTOS, Cheri",B001286,1961.0,,-0.239,0.041,-6.24317,0.97311,229,2,,-0.286,0.315
117,House,21371,21,2,IL,100,,,"KELLY, Robin L.",K000385,1956.0,,-0.461,-0.006,-3.67268,0.98402,228,2,,-0.588,-0.099
117,House,21519,21,12,IL,200,,,"BOST, Mike",B001295,1960.0,,0.272,0.472,-27.72734,0.87901,215,18,,0.272,0.269
117,House,21562,21,18,IL,200,,,"LaHOOD, Darin",L000585,1968.0,,0.465,0.18,-12.57404,0.94634,228,5,,0.469,0.506
117,House,21730,21,8,IL,100,,,"KRISHNAMOORTHI, S. Raja",K000391,1973.0,,-0.317,-0.109,-3.30837,0.98566,229,2,,-0.38,-0.195
117,House,21906,21,6,IL,100,,,"CASTEN, Sean",C001117,1971.0,,-0.391,0.145,-12.69777,0.94629,230,5,,-0.345,-0.536
117,House,21921,21,4,IL,100,,,"GARCÍA, Jesús",G000586,1956.0,,-0.447,-0.79,-3.22168,0.98603,229,1,,-0.414,-0.834
117,House,21979,21,14,IL,100,,,"UNDERWOOD, Lauren",U000040,1986.0,,-0.552,0.634,-4.52863,0.9805,230,3,,-0.548,0.57
117,House,22138,21,15,IL,200,,,"MILLER, Mary E.",M001211,1959.0,,0.747,-0.291,-19.11779,0.91416,213,8,,0.746,-0.301
117,House,22144,21,3,IL,100,,,"NEWMAN, Marie",N000192,1964.0,,-0.677,-0.027,-1.91271,0.99168,229,0,,-0.683,-0.031
117,House,29346,21,1,IL,100,,,"RUSH, Bobby L.",R000515,1946.0,,-0.479,-0.203,-2.7066,0.9883,230,1,,-0.683,-0.031
117,House,29717,21,7,IL,100,,,"DAVIS, Danny K.",D000096,1941.0,,-0.486,-0.263,-1.85219,0.99173,223,0,,-0.549,-0.37
117,House,29911,21,9,IL,100,,,"SCHAKOWSKY, Janice D.",S001145,1944.0,,-0.606,-0.269,-3.02274,0.9866,224,1,,-0.395,-0.352
117,House,20757,22,7,IN,100,,,"CARSON, André",C001072,1974.0,,-0.431,0.058,-2.95002,0.9872,229,1,,-0.393,-0.354
117,House,21132,22,8,IN,200,,,"BUCSHON, Larry",B001275,1962.0,,0.409,0.258,-13.40757,0.94215,225,5,,0.428,0.33
117,House,21330,22,2,IN,200,,,"WALORSKI, Jackie",W000813,1963.0,,0.427,0.328,-11.98518,0.94922,230,3,,0.431,0.503
117,House,21702,22,3,IN,200,,,"BANKS, James E.",B001299,1979.0,,0.64,-0.012,-20.45207,0.90845,213,8,,0.643,-0.103
117,House,21725,22,9,IN,200,,,"HOLLINGSWORTH, Joseph Albert III",H001074,1983.0,,0.417,-0.26,-36.45342,0.85284,229,13,,0.416,-0.315
117,House,21903,22,4,IN,200,,,"BAIRD, James",B001307,1945.0,,0.438,0.622,-14.88076,0.93708,229,6,,0.48,0.44
117,House,21952,22,6,IN,200,,,"PENCE, Gregory",P000615,1956.0,,0.487,0.271,-28.52521,0.88191,227,11,,0.58,0.004
117,House,22142,22,1,IN,100,,,"MRVAN, Frank J.",M001214,1969.0,,-0.292,0.046,-2.78103,0.98788,228,0,,-0.292,0.045
117,House,22151,22,5,IN,200,,,"SPARTZ, Victoria",S000929,1978.0,,0.441,0.105,-14.36771,0.93944,230,5,,0.44,0.102
117,House,21902,31,3,IA,100,,,"AXNE, Cynthia",A000378,1965.0,,-0.241,0.544,-5.49275,0.9764,230,2,,-0.326,0.467
117,House,22113,31,4,IA,200,,,"FEENSTRA, Randy",F000446,1969.0,,0.444,0.235,-14.93008,0.93715,230,5,,0.442,0.232
117,House,22124,31,1,IA,200,,,"HINSON, Ashley",H001091,1983.0,,0.43,-0.208,-32.97035,0.86645,230,14,,0.429,-0.21
117,House,22139,31,2,IA,200,,,"MILLER-MEEKS, Mariannette",M001215,1955.0,,0.259,0.481,-25.25838,0.89513,228,8,,0.258,0.489
117,House,21750,32,4,KS,200,,,"ESTES, Ron",E000298,1956.0,,0.617,0.078,-15.17021,0.93536,227,7,,0.705,0.108
117,House,21914,32,3,KS,100,,,"DAVIDS, Sharice",D000629,1980.0,,-0.248,0.208,-6.45596,0.97232,230,3,,-0.234,0.222
117,House,22130,32,2,KS,200,,,"LATURNER, Jake",L000266,1988.0,,0.518,0.319,-12.25841,0.94765,228,5,,0.52,0.311
117,House,22134,32,1,KS,200,,,"MANN, Tracey",M000871,1976.0,,0.69,0.063,-15.71329,0.93396,230,10,,0.702,0.064
117,House,14854,51,5,KY,200,,,"ROGERS, Harold Dallas (Hal)",R000395,1937.0,,0.338,0.114,-24.26563,0.89819,226,11,,0.388,0.449
117,House,20723,51,3,KY,100,,,"YARMUTH, John",Y000062,1947.0,,-0.378,-0.267,-6.96883,0.96923,223,2,,-0.247,-0.109
117,House,20916,51,2,KY,200,,,"GUTHRIE, Brett",G000558,1964.0,,0.42,0.274,-13.243,0.94405,230,6,,0.39,0.374
117,House,21333,51,6,KY,200,,,"BARR, Garland H. (Andy) IV",B001282,1973.0,,0.487,0.303,-12.76179,0.9451,226,6,,0.428,0.367
117,House,21565,51,1,KY,200,,,"COMER, James",C001108,1972.0,,0.601,-0.016,-30.06948,0.87593,227,18,,0.483,0.001
117,House,31102,51,4,KY,200,,,"MASSIE, Thomas",M001184,1971.0,,0.681,-0.732,-45.3745,0.82025,229,20,,0.683,-0.731
117,House,20759,45,1,LA,200,,,"SCALISE, Steve",S001176,1965.0,,0.559,0.157,-12.64283,0.94583,227,3,,0.482,0.471
117,House,21137,45,2,LA,100,,,"RICHMOND, Cedric",R000588,1973.0,,-0.486,0.332,-0.00248,0.99982,14,0,,-0.387,-0.04
117,House,21523,45,6,LA,200,,,"GRAVES, Garret",G000577,1972.0,,0.458,-0.049,-18.11554,0.92198,223,7,,0.418,0.315
117,House,21724,45,3,LA,200,,,"HIGGINS, Clay",H001077,1961.0,,0.584,-0.154,-25.44432,0.85868,167,11,,0.632,-0.238
117,House,21727,45,4,LA,200,,,"JOHNSON, Mike",J000299,1972.0,,0.562,-0.043,-17.48064,0.92121,213,9,,0.616,0.026
117,House,22157,45,5,LA,200,,,"LETLOW, Julia",L000595,1981.0,,0.437,0.769,-12.54456,0.9125,137,3,,0.435,0.766
117,House,22158,45,2,LA,100,,,"CARTER, Troy",C001125,1963.0,,-0.574,-0.352,-1.04714,0.99061,111,0,,-0.588,-0.36
117,House,20920,2,1,ME,100,,,"PINGREE, Chellie",P000597,1955.0,,-0.42,-0.395,-6.01885,0.97395,228,1,,-0.322,-0.193
117,House,21923,2,2,ME,100,,,"GOLDEN, Jared",G000592,1982.0,,-0.112,0.322,-48.25925,0.79115,206,21,,-0.094,0.221
117,House,14873,52,5,MD,100,,,"HOYER, Steny Hamilton",H000874,1939.0,,-0.38,0.118,-3.20615,0.98579,224,2,,-0.441,0.432
117,House,15433,52,7,MD,100,,,"MFUME, Kweisi",M000687,1948.0,,-0.448,-0.431,-3.66599,0.98377,224,1,,-0.588,-0.099
117,House,20329,52,2,MD,100,,,"RUPPERSBERGER, C. A. (Dutch)",R000576,1946.0,,-0.295,0.133,-3.29319,0.98553,226,1,,-0.298,-0.053
117,House,20724,52,3,MD,100,,,"SARBANES, John",S001168,1962.0,,-0.467,-0.071,-5.08588,0.97804,229,3,,-0.292,0.045
117,House,21139,52,1,MD,200,,,"HARRIS, Andy",H001052,1957.0,,0.662,-0.379,-27.02047,0.88731,226,13,,0.84,-0.311
117,House,21707,52,4,MD,100,,,"BROWN, Anthony Gregory",B001304,1961.0,,-0.335,-0.14,-3.41841,0.98499,226,1,,-0.354,-0.327
117,House,21741,52,8,MD,100,,,"RASKIN, Jamie Ben",R000606,1962.0,,-0.544,-0.247,-3.78022,0.98312,222,1,,-0.354,-0.327
117,House,21978,52,6,MD,100,,,"TRONE, David",T000483,1955.0,,-0.271,-0.026,-2.81544,0.98762,226,1,,-0.291,0.044
117,House,15616,3,1,MA,100,,,"NEAL, Richard Edmund",N000015,1949.0,,-0.417,-0.11,-3.5373,0.98461,228,1,,-0.409,-0.035
117,House,20119,3,8,MA,100,,,"LYNCH, Stephen F.",L000562,1955.0,,-0.35,0.038,-3.02422,0.98677,227,2,,-0.291,0.045
117,House,21140,3,9,MA,100,,,"KEATING, William R.",K000375,1952.0,,-0.329,-0.127,-6.18167,0.97314,227,3,,-0.254,0.144
117,House,21375,3,5,MA,100,,,"CLARK, Katherine M.",C001101,1963.0,,-0.484,-0.367,-3.12652,0.98632,227,2,,-0.53,-0.011
117,House,21525,3,6,MA,100,,,"MOULTON, Seth",M001196,1978.0,,-0.286,-0.069,-5.64353,0.97576,230,1,,-0.27,-0.443
117,House,21955,3,7,MA,100,,,"PRESSLEY, Ayanna",P000617,1974.0,,-0.302,-0.953,-7.49422,0.9678,229,3,,-0.747,-0.665
117,House,21977,3,3,MA,100,,,"TRAHAN, Lori",T000482,1973.0,,-0.46,-0.144,-3.53006,0.98477,230,2,,-0.429,0.076
117,House,22100,3,4,MA,100,,,"AUCHINCLOSS, Jake",A000148,1988.0,,-0.297,-0.28,-2.06928,0.99097,228,0,,-0.297,-0.282
117,House,29729,3,2,MA,100,,,"McGOVERN, James P.",M000312,1959.0,,-0.539,-0.303,-2.38044,0.9897,230,1,,-0.683,-0.031
117,House,15446,23,6,MI,200,,,"UPTON, Frederick Stephen",U000031,1953.0,,0.331,-0.377,-43.42908,0.82793,230,22,,0.214,-0.011
117,House,20725,23,7,MI,200,,,"WALBERG, Tim",W000798,1951.0,,0.515,0.081,-25.86952,0.89318,229,10,,0.492,0.305
117,House,21142,23,2,MI,200,,,"HUIZENGA, Bill",H001058,1969.0,,0.575,-0.073,-19.91075,0.91602,227,6,,0.544,-0.087
117,House,21372,23,5,MI,100,,,"KILDEE, Dan",K000380,1958.0,,-0.396,-0.218,-2.47413,0.9893,230,1,,-0.297,-0.282
117,House,21526,23,4,MI,200,,,"MOOLENAAR, John",M001194,1961.0,,0.397,0.414,-16.1658,0.93213,230,7,,0.409,0.279
117,House,21529,23,12,MI,100,,,"DINGELL, Debbie",D000624,1953.0,,-0.408,-0.133,-8.29693,0.96426,228,2,,-0.33,0.128
117,House,21530,23,14,MI,100,,,"LAWRENCE, Brenda L",L000581,1954.0,,-0.447,-0.018,-4.99041,0.97835,228,4,,-0.689,0.487
117,House,21704,23,1,MI,200,,,"BERGMAN, John",B001301,1947.0,,0.439,0.075,-21.70272,0.90882,227,7,,0.494,0.215
117,House,21940,23,9,MI,100,,,"LEVIN, Andy",L000592,1960.0,,-0.538,-0.489,-2.00109,0.9913,229,0,,-0.559,-0.31
117,House,21965,23,8,MI,100,,,"SLOTKIN, Elissa",S001208,1976.0,,-0.302,0.766,-7.38643,0.96826,229,1,,-0.372,0.807
117,House,21972,23,11,MI,100,,,"STEVENS, Haley",S001215,1983.0,,-0.322,0.361,-5.69378,0.97555,230,4,,-0.248,0.347
117,House,21975,23,13,MI,100,,,"TLAIB, Rashida",T000481,1976.0,,-0.26,-0.966,-9.0402,0.96079,226,5,,-0.274,-0.962
117,House,22136,23,10,MI,200,,,"MCCLAIN, Lisa C.",M001136,1966.0,,0.474,0.853,-10.43546,0.95545,229,4,,0.474,0.852
117,House,22137,23,3,MI,200,,,"MEIJER, Peter",M001186,1988.0,,0.258,0.149,-37.40725,0.8499,230,17,,0.265,0.133
117,House,20122,33,4,MN,100,,,"McCOLLUM, Betty",M001143,1954.0,,-0.417,-0.187,-4.15491,0.98202,229,2,,-0.308,0.048
117,House,21531,33,6,MN,200,,,"EMMER, Thomas Earl II",E000294,1961.0,,0.452,-0.057,-29.18734,0.87984,228,11,,0.389,0.096
117,House,21910,33,2,MN,100,,,"CRAIG, Angela",C001119,1972.0,,-0.311,0.711,-6.98204,0.96984,228,1,,-0.304,0.711
117,House,21929,33,1,MN,200,,,"HAGEDORN, Jim",H001088,1962.0,,0.467,0.388,-8.70893,0.95938,210,5,,0.508,0.475
117,House,21950,33,5,MN,100,,,"OMAR, Ilhan",O000173,1981.0,,-0.283,-0.959,-10.98888,0.95295,228,5,,-0.981,-0.192
117,House,21953,33,3,MN,100,,,"PHILLIPS, Dean",P000616,1969.0,,-0.248,0.149,-6.99595,0.97004,230,5,,-0.359,0.632
117,House,21969,33,8,MN,200,,,"STAUBER, Peter",S001212,1966.0,,0.302,0.104,-32.25166,0.86809,228,18,,0.356,-0.137
117,House,22114,33,7,MN,200,,,"FISCHBACH, Michelle",F000470,1965.0,,0.503,0.523,-9.10869,0.96117,230,3,,0.503,0.515
117,House,21148,46,4,MS,200,,,"PALAZZO, Steven",P000601,1970.0,,0.531,0.528,-17.1618,0.9278,229,8,,0.704,0.71
117,House,21561,46,1,MS,200,,,"KELLY, Trent",K000388,1966.0,,0.636,0.234,-11.98019,0.94792,224,3,,0.699,0.314
117,House,21927,46,3,MS,200,,,"GUEST, Michael",G000591,1970.0,,0.506,0.22,-17.79802,0.9202,214,7,,0.61,0.262
117,House,29368,46,2,MS,100,,,"THOMPSON, Bennie",T000193,1948.0,,-0.516,0.399,-11.13381,0.95254,229,5,,-0.777,0.63
117,House,20124,34,6,MO,200,,,"GRAVES, Samuel",G000546,1963.0,,0.443,0.184,-11.20557,0.95163,226,5,,0.457,0.805
117,House,20517,34,5,MO,100,,,"CLEAVER, Emanuel, II",C001061,1944.0,,-0.453,0.014,-3.51273,0.98471,228,1,,-0.409,-0.035
117,House,20926,34,3,MO,200,,,"LUETKEMEYER, Blaine",L000569,1952.0,,0.439,0.272,-12.4714,0.94654,227,3,,0.427,0.725
117,House,21149,34,4,MO,200,,,"HARTZLER, Vicky",H001053,1960.0,,0.462,0.31,-14.83121,0.93334,215,3,,0.458,0.178
117,House,21150,34,7,MO,200,,,"LONG, Billy",L000576,1955.0,,0.546,0.227,-21.18661,0.91013,225,8,,0.453,0.792
117,House,21337,34,2,MO,200,,,"WAGNER, Ann",W000812,1962.0,,0.433,0.139,-22.74862,0.90544,229,10,,0.382,0.153
117,House,21373,34,8,MO,200,,,"SMITH, Jason",S001195,1980.0,,0.597,0.177,-15.59805,0.93388,228,6,,0.56,0.475
117,House,22106,34,1,MO,100,,,"BUSH, Cori",B001224,1976.0,,-0.254,-0.967,-19.24155,0.91907,228,8,,-0.25,-0.968
117,House,22148,64,1,MT,200,,,"ROSENDALE, Matthew M., Sr.",R000103,1960.0,,0.748,-0.457,-33.29719,0.86467,229,16,,1.0,-0.03
117,House,20518,35,1,NE,200,,,"FORTENBERRY, Jeff",F000449,1960.0,,0.302,-0.059,-28.83862,0.8797,225,11,,0.337,-0.058
117,House,20729,35,3,NE,200,,,"SMITH, Adrian",S001172,1970.0,,0.517,0.191,-12.63051,0.94295,215,5,,0.48,0.765
117,House,21701,35,2,NE,200,,,"BACON, Donald J.",B001298,1963.0,,0.381,-0.095,-43.25826,0.82787,229,23,,0.308,-0.112
117,House,20927,65,1,NV,100,,,"TITUS, Alice (Dina)",T000468,1950.0,,-0.303,-0.215,-3.85665,0.98308,226,2,,-0.333,-0.207
117,House,21196,65,2,NV,200,,,"AMODEI, Mark E.",A000369,1958.0,,0.38,0.192,-26.62458,0.88933,227,10,,0.349,0.137
117,House,21339,65,4,NV,100,,,"HORSFORD, Steven",H001066,1973.0,,-0.35,0.098,-5.53474,0.97602,228,3,,-0.578,0.628
117,House,21938,65,3,NV,100,,,"LEE, Susie",L000590,1966.0,,-0.304,0.451,-10.58083,0.95446,227,3,,-0.261,0.482
117,House,21340,4,2,NH,100,,,"KUSTER, Ann McLane",K000382,1956.0,,-0.256,-0.12,-4.53237,0.98049,230,3,,-0.256,0.148
117,House,21951,4,1,NH,100,,,"PAPPAS, Chris",P000614,1980.0,,-0.297,0.353,-6.40996,0.97252,230,4,,-0.26,0.46
117,House,14863,12,4,NJ,200,,,"SMITH, Christopher Henry",S000522,1953.0,,0.166,-0.168,-59.98435,0.76689,226,22,,0.289,-0.375
117,House,15454,12,6,NJ,100,,,"PALLONE, Frank, Jr.",P000034,1951.0,,-0.404,-0.164,-2.16649,0.99062,230,0,,-0.395,-0.352
117,House,20542,12,8,NJ,100,,,"SIRES, Albio",S001165,1951.0,,-0.403,0.093,-14.89254,0.9365,227,3,,-0.197,-0.137
117,House,21536,12,1,NJ,100,,,"NORCROSS, Donald",N000188,1958.0,,-0.425,0.323,-3.27457,0.98574,228,1,,-0.422,0.2
117,House,21538,12,12,NJ,100,,,"WATSON COLEMAN, Bonnie",W000822,1945.0,,-0.626,-0.141,-1.88332,0.99185,230,0,,-0.559,-0.31
117,House,21723,12,5,NJ,100,,,"GOTTHEIMER, Josh S.",G000583,1975.0,,-0.147,0.234,-10.22826,0.95594,227,4,,-0.263,0.59
117,House,21937,12,3,NJ,100,,,"KIM, Andy",K000394,1982.0,,-0.28,0.406,-4.49405,0.98065,230,1,,-0.35,0.471
117,House,21942,12,7,NJ,100,,,"MALINOWSKI, Tomaz",M001203,1965.0,,-0.269,0.18,-12.7075,0.94556,227,7,,-0.403,0.788
117,House,21964,12,11,NJ,100,,,"SHERRILL, Mikie",S001207,1972.0,,-0.194,0.277,-8.17877,0.96415,224,4,,-0.258,0.473
117,House,29741,12,9,NJ,100,,,"PASCRELL, William J., Jr.",P000096,1937.0,,-0.367,-0.005,-3.06572,0.98641,224,1,,-0.299,-0.051
117,House,31103,12,10,NJ,100,,,"PAYNE, Donald, Jr.",P000604,1958.0,,-0.518,-0.097,-2.48021,0.98927,230,1,,-0.683,-0.031
117,House,91980,12,2,NJ,200,,,"VAN DREW, Jefferson",V000133,1953.0,,0.217,-0.244,-52.71878,0.79194,226,20,,0.277,-0.357
117,House,21928,66,1,NM,100,,,"HAALAND, Debra",H001080,1960.0,,-0.332,-0.233,-1.32643,0.98149,71,1,,-0.567,-0.214
117,House,22123,66,2,NM,200,,,"HERRELL, Yvette",H001084,1964.0,,0.936,0.352,-14.51638,0.935,216,7,,0.894,0.193
117,House,22131,66,3,NM,100,,,"LEGER FERNANDEZ, Teresa",L000273,1959.0,,-0.393,-0.351,-1.90576,0.99168,228,0,,-0.393,-0.354
117,House,22159,66,1,NM,100,,,"STANSBURY, Melanie Ann",S001218,1979.0,,-0.349,-0.369,-0.45627,0.99477,87,0,,-0.352,-0.375
117,House,20519,13,26,NY,100,,,"HIGGINS, Brian",H001038,1959.0,,-0.348,-0.032,-3.82066,0.98331,227,2,,-0.528,-0.013
117,House,20733,13,9,NY,100,,,"CLARKE, Yvette Diane",C001067,1964.0,,-0.614,-0.212,-1.81076,0.99198,225,0,,-0.559,-0.31
117,House,20934,13,20,NY,100,,,"TONKO, Paul",T000469,1949.0,,-0.42,-0.265,-1.9584,0.99148,229,0,,-0.395,-0.352
117,House,21101,13,23,NY,200,,,"REED, Thomas W. II",R000585,1971.0,,0.274,0.112,-37.03212,0.84886,226,13,,0.225,0.167
117,House,21342,13,6,NY,100,,,"MENG, Grace",M001188,1975.0,,-0.376,-0.186,-7.25016,0.9687,228,2,,-0.445,-0.569
117,House,21343,13,8,NY,100,,,"JEFFRIES, Hakeem",J000294,1970.0,,-0.488,-0.088,-3.52073,0.98481,230,2,,-0.536,0.196
117,House,21344,13,18,NY,100,,,"MALONEY, Sean Patrick",M001185,1966.0,,-0.239,0.119,-4.93655,0.97858,228,2,,-0.297,-0.282
117,House,21539,13,1,NY,200,,,"ZELDIN, Lee M",Z000017,1980.0,,0.392,-0.13,-32.78503,0.86552,227,16,,0.43,-0.144
117,House,21540,13,4,NY,100,,,"RICE, Kathleen Maura",R000602,1965.0,,-0.286,0.03,-4.91498,0.97867,228,4,,-0.397,0.231
117,House,21541,13,21,NY,200,,,"STEFANIK, Elise M",S001196,1984.0,,0.239,-0.009,-54.45152,0.78505,225,29,,0.404,0.167
117,House,21542,13,24,NY,200,,,"KATKO, John",K000386,1962.0,,0.197,-0.002,-39.24142,0.84189,228,20,,0.184,-0.051
117,House,21715,13,13,NY,100,,,"ESPAILLAT, Adriano J.",E000297,1954.0,,-0.618,-0.206,-6.05807,0.97389,229,2,,-0.546,-0.838
117,House,21747,13,3,NY,100,,,"SUOZZI, Thomas",S001201,1962.0,,-0.214,0.083,-4.46822,0.98059,228,1,,-0.244,-0.016
117,House,21749,13,22,NY,200,,,"TENNEY, Claudia",T000478,1961.0,,0.311,0.409,-18.50869,0.91245,202,6,,0.377,0.174
117,House,21761,13,25,NY,100,,,"MORELLE, Joseph D.",M001206,1957.0,,-0.33,0.103,-2.84136,0.98762,228,0,,-0.292,0.046
117,House,21916,13,19,NY,100,,,"DELGADO, Antonio",D000630,1977.0,,-0.229,0.249,-6.19803,0.97341,230,3,,-0.359,0.632
117,House,21949,13,14,NY,100,,,"OCASIO-CORTEZ, Alexandria",O000172,1989.0,,-0.236,-0.972,-10.44178,0.95445,224,4,,-0.295,-0.955
117,House,21990,13,27,NY,200,,,"JACOBS, Chris",J000020,1966.0,,0.332,0.079,-24.42055,0.89627,223,10,,0.321,0.194
117,House,22105,13,16,NY,100,,,"BOWMAN, Jamaal",B001223,1976.0,,-0.423,-0.906,-6.22859,0.97282,226,3,,-0.552,-0.834
117,House,22117,13,2,NY,200,,,"GARBARINO, Andrew R.",G000597,1984.0,,0.268,-0.075,-26.8363,0.88803,226,11,,0.269,-0.083
117,House,22127,13,17,NY,100,,,"JONES, Mondaire",J000306,1987.0,,-0.539,-0.84,-2.27123,0.99004,227,0,,-0.546,-0.838
117,House,22133,13,11,NY,200,,,"MALLIOTAKIS, Nicole",M000317,1980.0,,0.263,0.241,-34.79055,0.8579,227,16,,0.27,0.224
117,House,22154,13,15,NY,100,,,"TORRES, Ritchie",T000486,1988.0,,-0.628,-0.025,-1.6574,0.99269,226,0,,-0.634,-0.029
117,House,29377,13,10,NY,100,,,"NADLER, Jerrold Lewis",N000002,1947.0,,-0.508,-0.502,-5.98579,0.97316,220,3,,-0.536,0.195
117,House,29378,13,7,NY,100,,,"VELÁZQUEZ, Nydia M.",V000081,1953.0,,-0.547,-0.342,-3.95785,0.98294,230,1,,-0.46,-0.669
117,House,29379,13,12,NY,100,,,"MALONEY, Carolyn Bosher",M000087,1946.0,,-0.387,-0.279,-4.21777,0.98175,229,2,,-0.536,0.196
117,House,29776,13,5,NY,100,,,"MEEKS, Gregory W.",M001137,1953.0,,-0.413,-0.075,-3.02469,0.98676,227,1,,-0.378,-0.198
117,House,15438,47,4,NC,100,,,"PRICE, David Eugene",P000523,1940.0,,-0.343,-0.031,-3.18724,0.98618,229,1,,-0.395,-0.352
117,House,20340,47,1,NC,100,,,"BUTTERFIELD, George Kenneth, Jr. (G.K.)",B001251,1947.0,,-0.403,0.182,-3.17878,0.98609,227,1,,-0.289,0.041
117,House,20521,47,5,NC,200,,,"FOXX, Virginia Ann",F000450,1943.0,,0.629,0.129,-24.75287,0.89538,224,9,,0.612,-0.039
117,House,20522,47,10,NC,200,,,"McHENRY, Patrick T.",M001156,1975.0,,0.546,0.087,-27.47061,0.87953,214,10,,0.36,0.535
117,House,21346,47,8,NC,200,,,"HUDSON, Richard",H001067,1971.0,,0.57,0.103,-24.38479,0.89899,229,8,,0.507,0.063
117,House,21544,47,7,NC,200,,,"ROUZER, David",R000603,1972.0,,0.575,0.138,-22.47665,0.90651,229,12,,0.602,0.023
117,House,21545,47,12,NC,100,,,"ADAMS, Alma",A000370,1946.0,,-0.465,0.015,-3.54073,0.98466,229,1,,-0.409,-0.035
117,House,21708,47,13,NC,200,,,"BUDD, Theodore Paul",B001305,1971.0,,0.681,-0.142,-21.53307,0.9095,227,8,,0.765,-0.123
117,House,21986,47,9,NC,200,,,"BISHOP, Dan",B001311,1964.0,,0.797,-0.045,-22.11679,0.90794,229,9,,0.749,-0.147
117,House,21987,47,3,NC,200,,,"MURPHY, Gregory Francis",M001210,1963.0,,0.502,-0.083,-43.33945,0.82337,223,15,,0.427,-0.048
117,House,22109,47,11,NC,200,,,"CAWTHORN, Madison",C001104,1995.0,,0.513,0.061,-17.15942,0.9226,213,8,,0.515,0.053
117,House,22135,47,6,NC,100,,,"MANNING, Kathy E.",M001135,1956.0,,-0.292,0.046,-2.78197,0.98798,230,0,,-0.292,0.046
117,House,22149,47,2,NC,100,,,"ROSS, Deborah K.",R000305,1963.0,,-0.292,0.046,-2.78197,0.98793,229,0,,-0.292,0.046
117,House,21901,36,1,ND,200,,,"ARMSTRONG, Kelly",A000377,1976.0,,0.477,0.018,-22.70441,0.90066,217,10,,0.527,-0.058
117,House,15029,24,9,OH,100,,,"KAPTUR, Marcia Carolyn (Marcy)",K000009,1946.0,,-0.35,0.109,-2.91663,0.98734,229,0,,-0.292,0.046
117,House,20342,24,10,OH,200,,,"TURNER, Michael R.",T000463,1960.0,,0.275,0.212,-32.89898,0.86508,227,20,,0.401,0.179
117,House,20343,24,13,OH,100,,,"RYAN, Timothy J.",R000577,1973.0,,-0.402,0.211,-3.53446,0.98455,227,3,,-0.296,-0.284
117,House,20738,24,4,OH,200,,,"JORDAN, Jim",J000289,1964.0,,0.719,-0.211,-17.80567,0.92326,223,8,,0.884,0.36
117,House,20755,24,5,OH,200,,,"LATTA, Robert E.",L000566,1956.0,,0.516,0.264,-12.58643,0.94675,230,5,,0.466,0.313
117,House,20941,24,11,OH,100,,,"FUDGE, Marcia L.",F000455,1952.0,,-0.581,0.14,-1.13895,0.97913,54,1,,-0.295,0.196
117,House,21162,24,6,OH,200,,,"JOHNSON, Bill",J000292,1954.0,,0.428,0.272,-21.98295,0.90885,230,6,,0.415,0.082
117,House,21163,24,15,OH,200,,,"STIVERS, Steve",S001187,1965.0,,0.3,0.269,-11.4027,0.90714,117,7,,0.283,0.201
117,House,21165,24,7,OH,200,,,"GIBBS, Bob",G000563,1954.0,,0.476,0.312,-17.48605,0.92258,217,7,,0.53,0.1
117,House,21351,24,2,OH,200,,,"WENSTRUP, Brad",W000815,1958.0,,0.545,0.183,-20.21547,0.91443,226,9,,0.484,0.158
117,House,21352,24,3,OH,100,,,"BEATTY, Joyce",B001281,1950.0,,-0.432,0.062,-4.54867,0.98016,227,4,,-0.698,0.371
117,House,21353,24,14,OH,200,,,"JOYCE, David",J000295,1957.0,,0.263,0.266,-23.91365,0.90001,227,11,,0.256,0.237
117,House,21564,24,8,OH,200,,,"DAVIDSON, Warren",D000626,1970.0,,0.684,-0.377,-49.00194,0.80584,227,17,,0.598,-0.469
117,House,21759,24,12,OH,200,,,"BALDERSON, Troy",B001306,1962.0,,0.417,0.401,-22.75159,0.90301,223,9,,0.42,0.118
117,House,21924,24,16,OH,200,,,"GONZALEZ, Anthony",G000588,1984.0,,0.276,0.257,-29.27742,0.87999,229,9,,0.246,0.285
117,House,29550,24,1,OH,200,,,"CHABOT, Steve",C000266,1953.0,,0.564,-0.194,-25.70801,0.89425,230,14,,0.415,0.418
117,House,20344,53,4,OK,200,,,"COLE, Tom",C001053,1949.0,,0.333,0.362,-27.93481,0.88421,227,11,,0.391,0.265
117,House,21355,53,2,OK,200,,,"MULLIN, Markwayne",M001190,1977.0,,0.517,0.317,-20.76982,0.91256,227,10,,0.47,0.33
117,House,21760,53,1,OK,200,,,"HERN, Kevin",H001082,1961.0,,0.686,0.066,-12.32537,0.94692,226,5,,0.727,0.085
117,House,22102,53,5,OK,200,,,"BICE, Stephanie I.",B000740,1973.0,,0.372,0.493,-18.36805,0.92324,230,7,,0.369,0.498
117,House,29393,53,3,OK,200,,,"LUCAS, Frank D.",L000491,1960.0,,0.363,0.419,-11.79541,0.94936,227,4,,0.394,0.528
117,House,15410,72,4,OR,100,,,"DeFAZIO, Peter Anthony",D000191,1947.0,,-0.428,0.005,-5.06497,0.97744,222,2,,-0.263,-0.137
117,House,20944,72,5,OR,100,,,"SCHRADER, Kurt",S001180,1951.0,,-0.185,0.057,-25.84108,0.89195,226,10,,-0.127,-0.033
117,House,21198,72,1,OR,100,,,"BONAMICI, Suzanne",B001278,1954.0,,-0.394,-0.403,-2.16885,0.99061,230,1,,-0.559,-0.31
117,House,22101,72,2,OR,200,,,"BENTZ, Cliff",B000668,1952.0,,0.374,0.484,-13.5275,0.94288,230,7,,0.37,0.487
117,House,29588,72,3,OR,100,,,"BLUMENAUER, Earl",B000574,1948.0,,-0.427,-0.668,-2.61272,0.98846,225,0,,-0.56,-0.32
117,House,20946,14,15,PA,200,,,"THOMPSON, Glenn",T000467,1959.0,,0.316,0.395,-14.90227,0.93591,225,4,,0.375,0.517
117,House,21167,14,16,PA,200,,,"KELLY, Mike",K000376,1948.0,,0.357,0.45,-12.06515,0.94801,226,4,,0.429,0.622
117,House,21356,14,10,PA,200,,,"PERRY, Scott",P000605,1962.0,,0.634,-0.352,-30.52482,0.87469,228,12,,0.732,-0.319
117,House,21358,14,8,PA,100,,,"CARTWRIGHT, Matt",C001090,1961.0,,-0.365,-0.042,-4.76717,0.9794,229,2,,-0.257,-0.043
117,House,21548,14,2,PA,100,,,"BOYLE, Brendan Francis",B001296,1977.0,,-0.4,0.128,-4.01311,0.98248,227,2,,-0.674,-0.003
117,House,21566,14,3,PA,100,,,"EVANS, Dwight",E000296,1954.0,,-0.461,-0.081,-3.07095,0.98674,230,2,,-0.683,-0.031
117,House,21718,14,1,PA,200,,,"FITZPATRICK, Brian K.",F000466,1973.0,,0.167,-0.18,-41.69079,0.83355,229,20,,0.151,-0.344
117,House,21745,14,11,PA,200,,,"SMUCKER, Lloyd K.",S001199,1964.0,,0.424,0.27,-12.69622,0.9456,227,6,,0.41,0.467
117,House,21756,14,17,PA,100,,,"LAMB, Conor",L000588,1984.0,,-0.13,0.196,-12.15254,0.94853,230,2,,-0.191,0.089
117,House,21762,14,5,PA,100,,,"SCANLON, Mary Gay",S001205,1959.0,,-0.485,-0.011,-7.43316,0.96806,229,4,,-0.374,-0.425
117,House,21763,14,7,PA,100,,,"WILD, Susan",W000826,1957.0,,-0.361,0.616,-9.16048,0.96079,229,4,,-0.266,0.421
117,House,21915,14,4,PA,100,,,"DEAN, Madeleine",D000631,1959.0,,-0.497,0.039,-3.27226,0.98581,229,2,,-0.38,-0.195
117,House,21934,14,6,PA,100,,,"HOULAHAN, Christina",H001085,1967.0,,-0.31,0.532,-3.47585,0.985,230,0,,-0.326,0.467
117,House,21936,14,13,PA,200,,,"JOYCE, John",J000302,1957.0,,0.532,0.226,-9.5506,0.95915,229,2,,0.529,0.653
117,House,21945,14,9,PA,200,,,"MEUSER, Dan",M001204,1964.0,,0.535,0.415,-15.87849,0.93127,223,6,,0.423,0.492
117,House,21956,14,14,PA,200,,,"RESCHENTHALER, Guy",R000610,1983.0,,0.373,0.312,-28.03696,0.88381,227,12,,0.437,0.006
117,House,21985,14,12,PA,200,,,"KELLER, Fred",K000395,1965.0,,0.5,0.149,-12.26297,0.94786,229,6,,0.466,0.469
117,House,29561,14,18,PA,100,,,"DOYLE, Michael F.",D000482,1953.0,,-0.331,0.111,-3.69362,0.98312,217,2,,-0.391,-0.317
117,House,20136,5,2,RI,100,,,"LANGEVIN, James",L000559,1964.0,,-0.375,0.109,-3.08051,0.9867,230,2,,-0.302,-0.047
117,House,21172,5,1,RI,100,,,"CICILLINE, David N.",C001084,1961.0,,-0.39,-0.273,-7.63701,0.96734,230,3,,-0.275,0.056
117,House,20138,48,2,SC,200,,,"WILSON, Addison Graves (Joe)",W000795,1947.0,,0.536,0.116,-11.77581,0.9447,207,4,,0.451,0.725
117,House,21174,48,3,SC,200,,,"DUNCAN, Jeff",D000615,1966.0,,0.734,-0.166,-13.74525,0.93996,222,6,,0.889,0.458
117,House,21359,48,7,SC,200,,,"RICE, Tom",R000597,1957.0,,0.595,-0.28,-57.30766,0.77689,227,20,,0.532,-0.261
117,House,21753,48,5,SC,200,,,"NORMAN, Ralph",N000190,1953.0,,0.798,-0.224,-15.84841,0.92731,210,10,,0.816,-0.288
117,House,21974,48,4,SC,200,,,"TIMMONS, William",T000480,1984.0,,0.588,0.194,-11.71287,0.94971,227,5,,0.507,0.68
117,House,22132,48,1,SC,200,,,"MACE, Nancy",M000194,1977.0,,0.402,-0.201,-75.23052,0.72102,230,28,,0.411,-0.211
117,House,39301,48,6,SC,100,,,"CLYBURN, James Enos",C000537,1940.0,,-0.464,0.254,-3.42862,0.98514,229,2,,-0.528,-0.013
117,House,21935,37,1,SD,200,,,"JOHNSON, Dustin",J000301,1976.0,,0.462,0.137,-15.91521,0.93286,229,6,,0.399,0.342
117,House,15019,54,5,TN,100,,,"COOPER, James Hayes Shofner",C000754,1954.0,,-0.163,-0.031,-8.26202,0.96426,227,4,,-0.319,0.28
117,House,20748,54,9,TN,100,,,"COHEN, Stephen",C001068,1949.0,,-0.401,-0.348,-4.52026,0.98054,230,2,,-0.536,0.196
117,House,21178,54,3,TN,200,,,"FLEISCHMANN, Chuck",F000459,1962.0,,0.457,0.304,-19.76131,0.91767,230,8,,0.486,0.116
117,House,21179,54,4,TN,200,,,"DESJARLAIS, Scott",D000616,1964.0,,0.585,-0.087,-26.01809,0.89216,228,9,,0.617,-0.053
117,House,21731,54,8,TN,200,,,"KUSTOFF, David",K000392,1966.0,,0.524,0.332,-13.15793,0.9444,230,4,,0.5,0.612
117,House,21905,54,2,TN,200,,,"BURCHETT, Timothy",B001309,1964.0,,0.673,-0.297,-26.09569,0.88957,223,11,,0.649,-0.26
117,House,21926,54,7,TN,200,,,"GREEN, Mark",G000590,1964.0,,0.679,-0.027,-27.14514,0.88292,218,11,,0.63,-0.22
117,House,21959,54,6,TN,200,,,"ROSE, John",R000612,1965.0,,0.683,0.009,-20.02554,0.90946,211,9,,0.715,-0.13
117,House,22122,54,1,TN,200,,,"HARSHBARGER, Diana",H001086,,,0.641,-0.19,-22.61849,0.90516,227,8,,0.636,-0.194
117,House,20355,49,26,TX,200,,,"BURGESS, Michael C.",B001248,1950.0,,0.573,-0.201,-22.06111,0.90581,223,9,,0.54,0.026
117,House,20356,49,31,TX,200,,,"CARTER, John R.",C001051,1941.0,,0.474,0.598,-27.80799,0.88276,223,12,,0.568,0.207
117,House,20527,49,1,TX,200,,,"GOHMERT, Louie",G000552,1953.0,,0.631,-0.346,-23.27863,0.89013,200,10,,0.719,-0.428
117,House,20529,49,9,TX,100,,,"GREEN, Al",G000553,1947.0,,-0.439,0.307,-6.13685,0.97367,230,5,,-0.559,-0.31
117,House,20530,49,10,TX,200,,,"McCAUL, Michael T.",M001157,1962.0,,0.43,0.089,-23.32264,0.90195,226,11,,0.372,0.185
117,House,20533,49,28,TX,100,,,"CUELLAR, Henry",C001063,1955.0,,-0.228,0.619,-19.816,0.91745,230,7,,-0.242,0.567
117,House,21360,49,14,TX,200,,,"WEBER, Randy",W000814,1953.0,,0.712,0.031,-16.20238,0.92675,213,4,,0.746,0.196
117,House,21362,49,20,TX,100,,,"CASTRO, Joaquin",C001091,1974.0,,-0.399,-0.027,-6.32563,0.97276,229,1,,-0.347,-0.529
117,House,21364,49,25,TX,200,,,"WILLIAMS, Roger",W000816,1949.0,,0.585,0.118,-12.50698,0.94191,209,5,,0.583,0.406
117,House,21365,49,33,TX,100,,,"VEASEY, Marc",V000131,1971.0,,-0.402,0.286,-4.75775,0.97926,227,2,,-0.33,0.263
117,House,21366,49,34,TX,100,,,"VELA, Filemon",V000132,1963.0,,-0.312,0.408,-5.62901,0.97518,224,3,,-0.245,-0.026
117,House,21551,49,36,TX,200,,,"BABIN, Brian",B001291,1948.0,,0.702,0.111,-12.14632,0.94699,223,4,,0.745,0.592
117,House,21700,49,19,TX,200,,,"ARRINGTON, Jodey Cook",A000375,1972.0,,0.643,-0.069,-20.26581,0.90965,214,9,,0.685,-0.18
117,House,21722,49,15,TX,100,,,"GONZALEZ, Vicente Jr.",G000581,1967.0,,-0.382,0.671,-12.56854,0.94496,222,5,,-0.388,0.823
117,House,21758,49,27,TX,200,,,"CLOUD, Michael",C001115,1975.0,,0.668,-0.255,-18.26201,0.91633,209,6,,0.788,-0.163
117,House,21900,49,32,TX,100,,,"ALLRED, Colin",A000376,1983.0,,-0.432,0.596,-3.69235,0.98407,230,2,,-0.326,0.467
117,House,21911,49,2,TX,200,,,"CRENSHAW, Daniel",C001120,1984.0,,0.394,0.37,-18.27058,0.91853,215,10,,0.373,0.412
117,House,21917,49,16,TX,100,,,"ESCOBAR, Veronica",E000299,1969.0,,-0.382,-0.386,-6.54903,0.97168,228,3,,-0.546,-0.838
117,House,21919,49,7,TX,100,,,"FLETCHER, Elizabeth",F000468,1975.0,,-0.421,0.768,-8.82478,0.96203,228,3,,-0.238,0.241
117,House,21922,49,29,TX,100,,,"GARCIA, Sylvia",G000587,1950.0,,-0.749,0.512,-6.05436,0.97391,229,2,,-0.772,-0.119
117,House,21925,49,5,TX,200,,,"GOODEN, Lance",G000589,1982.0,,0.726,-0.022,-23.36182,0.90342,230,7,,0.72,-0.134
117,House,21961,49,21,TX,200,,,"ROY, Charles",R000614,1972.0,,0.8,-0.6,-26.86041,0.87994,210,14,,0.74,-0.673
117,House,21973,49,3,TX,200,,,"TAYLOR, Nicholas",T000479,1972.0,,0.548,-0.117,-28.3047,0.88421,230,13,,0.541,-0.14
117,House,21984,49,6,TX,200,,,"WRIGHT, Ron",W000827,1953.0,,0.711,-0.09,-0.27921,0.98025,14,0,,0.908,-0.418
117,House,22112,49,4,TX,200,,,"FALLON, Pat",F000246,1967.0,,0.711,0.591,-13.53409,0.94237,228,6,,0.699,0.564
117,House,22119,49,23,TX,200,,,"GONZALES, Tony",G000594,1980.0,,0.267,0.405,-19.74397,0.91774,230,7,,0.261,0.415
117,House,22125,49,13,TX,200,,,"JACKSON, Ronny",J000304,1967.0,,0.733,0.0,-15.35064,0.93047,213,6,,0.728,-0.008
117,House,22143,49,22,TX,200,,,"NEHLS, Troy E.",N000026,1968.0,,0.535,0.618,-9.18888,0.96033,227,3,,0.537,0.614
117,House,22147,49,11,TX,200,,,"PFLUGER, August",P000048,,,0.67,0.742,-11.15345,0.95012,218,4,,0.676,0.737
117,House,22155,49,24,TX,200,,,"VAN DUYNE, Beth",V000134,1970.0,,0.505,0.153,-19.0105,0.92,228,9,,0.506,0.146
117,House,29571,49,35,TX,100,,,"DOGGETT, Lloyd Alton, II",D000399,1946.0,,-0.402,-0.313,-2.71543,0.98806,226,1,,-0.297,-0.282
117,House,29573,49,18,TX,100,,,"JACKSON LEE, Sheila",J000032,1950.0,,-0.46,0.127,-3.9839,0.9826,227,2,,-0.559,-0.309
117,House,29759,49,17,TX,200,,,"SESSIONS, Pete",S000250,1955.0,,0.586,0.172,-22.2043,0.90563,224,9,,0.627,0.154
117,House,29760,49,8,TX,200,,,"BRADY, Kevin Patrick",B000755,1955.0,,0.524,0.22,-13.705,0.92426,174,4,,0.51,0.239
117,House,29762,49,12,TX,200,,,"GRANGER, Kay",G000377,1943.0,,0.398,0.239,-30.85215,0.86632,215,11,,0.48,0.058
117,House,39305,49,30,TX,100,,,"JOHNSON, Eddie Bernice",J000126,1935.0,,-0.485,0.203,-3.08941,0.98648,227,1,,-0.429,0.075
117,House,21367,67,2,UT,200,,,"STEWART, Chris",S001192,1960.0,,0.527,0.145,-20.64235,0.91308,227,10,,0.524,0.012
117,House,21755,67,3,UT,200,,,"CURTIS, John R.",C001114,1960.0,,0.521,0.016,-35.11116,0.85492,224,11,,0.441,0.045
117,House,22141,67,1,UT,200,,,"MOORE, Blake D.",M001213,1980.0,,0.364,0.411,-19.78005,0.9162,226,9,,0.375,0.376
117,House,22146,67,4,UT,200,,,"OWENS, Burgess",O000086,1951.0,,0.477,0.459,-12.13292,0.9484,229,7,,0.477,0.452
117,House,20750,6,1,VT,100,,,"WELCH, Peter",W000800,1947.0,,-0.41,-0.351,-1.91991,0.99161,228,0,,-0.395,-0.353
117,House,20756,40,1,VA,200,,,"WITTMAN, Robert J.",W000804,1959.0,,0.447,-0.013,-18.50877,0.92069,224,3,,0.458,0.204
117,House,20952,40,11,VA,100,,,"CONNOLLY, Gerald E. (Gerry)",C001078,1950.0,,-0.306,-0.015,-2.69659,0.98829,229,0,,-0.284,-0.158
117,House,21191,40,9,VA,200,,,"GRIFFITH, H. Morgan",G000568,1958.0,,0.546,-0.425,-35.18455,0.85583,226,13,,0.513,-0.259
117,House,21554,40,8,VA,100,,,"BEYER, Donald Sternoff Jr.",B001292,1950.0,,-0.385,-0.045,-3.55484,0.9846,229,1,,-0.354,-0.326
117,House,21736,40,4,VA,100,,,"MCEACHIN, Aston Donald",M001200,1961.0,,-0.374,-0.086,-3.90902,0.98315,230,2,,-0.335,-0.204
117,House,21908,40,6,VA,200,,,"CLINE, Benjamin",C001118,1972.0,,0.698,-0.147,-15.28406,0.93516,228,6,,0.697,0.143
117,House,21941,40,2,VA,100,,,"LURIA, Elaine",L000591,1975.0,,-0.195,0.421,-10.17677,0.95653,229,3,,-0.461,0.878
117,House,21966,40,7,VA,100,,,"SPANBERGER, Abigail",S001209,1979.0,,-0.17,0.435,-16.71463,0.92931,228,5,,-0.189,0.425
117,House,21983,40,10,VA,100,,,"WEXTON, Jennifer",W000825,1968.0,,-0.394,0.405,-7.46439,0.96807,230,4,,-0.277,-0.106
117,House,22120,40,5,VA,200,,,"GOOD, Bob",G000595,1965.0,,0.8,-0.6,-21.99779,0.901,211,11,,1.0,-0.03
117,House,39307,40,3,VA,100,,,"SCOTT, Robert C.",S000185,1947.0,,-0.45,0.015,-4.07813,0.98235,229,3,,-0.335,-0.204
117,House,20145,73,2,WA,100,,,"LARSEN, Richard Ray (Rick)",L000560,1965.0,,-0.364,0.189,-4.03951,0.98251,229,2,,-0.398,0.086
117,House,20535,73,5,WA,200,,,"McMORRIS RODGERS, Cathy",M001159,1969.0,,0.425,0.12,-15.28015,0.93434,225,5,,0.386,0.37
117,House,21187,73,3,WA,200,,,"HERRERA BEUTLER, Jaime",H001056,1978.0,,0.355,-0.182,-30.96431,0.87353,229,14,,0.335,-0.015
117,House,21368,73,6,WA,100,,,"KILMER, Derek",K000381,1974.0,,-0.31,-0.011,-2.90353,0.98746,230,2,,-0.302,-0.047
117,House,21556,73,4,WA,200,,,"NEWHOUSE, Daniel Milton",N000189,1955.0,,0.34,0.245,-30.9254,0.87264,227,16,,0.273,0.358
117,House,21726,73,7,WA,100,,,"JAYAPAL, Pramila",J000298,1965.0,,-0.698,-0.308,-4.87588,0.97902,230,2,,-0.568,-0.689
117,House,21962,73,8,WA,100,,,"SCHRIER, Kim",S001216,1968.0,,-0.356,0.513,-5.2564,0.97731,229,3,,-0.341,0.692
117,House,22153,73,10,WA,100,,,"STRICKLAND, Marilyn",S001159,1962.0,,-0.606,0.461,-3.83116,0.98348,230,2,,-0.609,0.464
117,House,29768,73,9,WA,100,,,"SMITH, Adam",S000510,1965.0,,-0.285,-0.161,-6.05485,0.97391,229,3,,-0.683,-0.031
117,House,31101,73,1,WA,100,,,"DelBENE, Suzan K.",D000617,1962.0,,-0.283,-0.223,-4.74541,0.97958,230,2,,-0.463,0.384
117,House,21188,56,1,WV,200,,,"McKINLEY, David",M001180,1947.0,,0.3,0.18,-32.81323,0.86704,230,15,,0.311,0.029
117,House,21557,56,2,WV,200,,,"MOONEY, Alex X.",M001195,1971.0,,0.58,-0.284,-22.14957,0.90585,224,10,,0.584,-0.186
117,House,21946,56,3,WV,200,,,"MILLER, Carol",M001205,1950.0,,0.476,0.306,-13.25747,0.94375,229,6,,0.51,0.348
117,House,20537,25,4,WI,100,,,"MOORE, Gwendolynne S. (Gwen)",M001160,1951.0,,-0.528,-0.247,-10.04578,0.95671,227,3,,-0.799,0.352
117,House,21370,25,2,WI,100,,,"POCAN, Mark",P000607,1964.0,,-0.54,-0.54,-2.19084,0.99052,230,0,,-0.559,-0.31
117,House,21559,25,6,WI,200,,,"GROTHMAN, Glenn",G000576,1955.0,,0.604,-0.29,-43.45845,0.82646,228,16,,0.566,-0.41
117,House,21720,25,8,WI,200,,,"GALLAGHER, Michael",G000579,1984.0,,0.441,-0.063,-32.06238,0.86773,226,14,,0.425,-0.044
117,House,21970,25,1,WI,200,,,"STEIL, Bryan",S001213,1981.0,,0.427,-0.07,-27.49186,0.88734,230,10,,0.452,-0.118
117,House,21989,25,7,WI,200,,,"TIFFANY, Thomas P.",T000165,1957.0,,0.625,-0.202,-21.51675,0.90082,206,11,,0.646,-0.195
117,House,22115,25,5,WI,200,,,"FITZGERALD, Scott",F000471,1963.0,,0.622,0.478,-11.77044,0.9499,229,6,,0.627,0.471
117,House,29769,25,3,WI,100,,,"KIND, Ron",K000188,1963.0,,-0.261,-0.08,-22.33938,0.90744,230,7,,-0.156,0.01
117,House,21710,68,1,WY,200,,,"CHENEY, Liz",C001109,1966.0,,0.494,0.451,-54.38287,0.77832,217,17,,0.351,0.641
117,Senate,42102,41,0,AL,200,,,"TUBERVILLE, Thomas Hawley (Tommy)",T000278,1954.0,,0.936,-0.352,-39.09157,0.88732,327,17,,0.909,-0.272
117,Senate,94659,41,0,AL,200,,,"SHELBY, Richard C.",S000320,1934.0,,0.44,0.556,-63.63795,0.81812,317,41,,0.573,0.598
117,Senate,40300,81,0,AK,200,,,"MURKOWSKI, Lisa",M001153,1957.0,,0.212,-0.289,-50.50988,0.85356,319,23,,0.207,-0.241
117,Senate,41500,81,0,AK,200,,,"SULLIVAN, Daniel Scott",S001198,1964.0,,0.467,0.049,-106.62518,0.69322,291,53,,0.443,0.078
117,Senate,21300,61,0,AZ,100,,,"SINEMA, Kyrsten",S001191,1976.0,,-0.103,0.068,-21.8778,0.9349,325,6,,-0.15,0.209
117,Senate,41905,61,0,AZ,100,,,"KELLY, Mark Edward",K000377,1964.0,,-0.187,0.484,-16.73614,0.95026,328,4,,-0.24,0.526
117,Senate,20101,42,0,AR,200,,,"BOOZMAN, John",B001236,1950.0,,0.411,0.265,-59.57945,0.83436,329,34,,0.574,0.151
117,Senate,21301,42,0,AR,200,,,"COTTON, Tom",C001095,1977.0,,0.602,0.078,-49.55948,0.85977,328,21,,0.71,0.081
117,Senate,41701,71,0,CA,100,,,"HARRIS, Kamala Devi",H001075,1964.0,,-0.709,-0.105,-0.00037,0.99981,2,0,,0.0,0.0
117,Senate,42104,71,0,CA,100,,,"PADILLA, Alejandro (Alex)",P000145,1973.0,,-0.393,-0.176,-3.04646,0.99073,327,0,,-0.425,-0.109
117,Senate,49300,71,0,CA,100,,,"FEINSTEIN, Dianne",F000062,1933.0,,-0.267,-0.184,-4.21612,0.98723,328,1,,-0.28,-0.292
117,Senate,40910,62,0,CO,100,,,"BENNET, Michael F.",B001267,1964.0,,-0.228,-0.179,-11.082,0.96678,328,5,,-0.307,0.079
117,Senate,42101,62,0,CO,100,,,"HICKENLOOPER, John Wright",H000273,1952.0,,-0.243,0.078,-7.3681,0.97779,328,4,,-0.243,0.104
117,Senate,20707,1,0,CT,100,,,"MURPHY, Christopher",M001169,1973.0,,-0.27,-0.195,-8.54811,0.97435,329,2,,-0.279,-0.328
117,Senate,41101,1,0,CT,100,,,"BLUMENTHAL, Richard",B001277,1946.0,,-0.438,-0.168,-5.12953,0.98453,329,2,,-0.428,-0.37
117,Senate,15015,11,0,DE,100,,,"CARPER, Thomas Richard",C000174,1947.0,,-0.177,-0.223,-17.40206,0.94848,329,4,,-0.271,-0.514
117,Senate,40916,11,0,DE,100,,,"COONS, Christopher A.",C001088,1963.0,,-0.229,-0.216,-4.55233,0.98626,329,1,,-0.238,-0.254
117,Senate,41102,43,0,FL,200,,,"RUBIO, Marco",R000595,1971.0,,0.581,-0.27,-59.36796,0.82673,312,29,,0.64,-0.373
117,Senate,41903,43,0,FL,200,,,"SCOTT, Richard Lynn (Rick)",S001217,1952.0,,0.647,0.051,-50.3045,0.8566,325,26,,0.791,0.009
117,Senate,41904,44,0,GA,200,,,"LOEFFLER, Kelly",L000594,1970.0,,0.555,-0.203,-0.16867,0.91912,2,0,,0.0,0.0
117,Senate,42103,44,0,GA,100,,,"OSSOFF, Thomas Jonathan (Jon)",O000174,1987.0,,-0.459,0.477,-9.21338,0.97222,327,3,,-0.428,0.458
117,Senate,42105,44,0,GA,100,,,"WARNOCK, Raphael Gamaliel",W000790,1969.0,,-0.384,0.419,-9.40903,0.97129,323,3,,-0.414,0.482
117,Senate,20713,82,0,HI,100,,,"HIRONO, Mazie",H001042,1947.0,,-0.512,-0.086,-3.85121,0.98815,323,1,,-0.417,-0.303
117,Senate,41112,82,0,HI,100,,,"SCHATZ, Brian Emanuel",S001194,1972.0,,-0.443,-0.108,-5.23843,0.9842,329,2,,-0.464,0.131
117,Senate,29345,63,0,ID,200,,,"CRAPO, Michael Dean",C000880,1951.0,,0.507,0.296,-58.9723,0.83452,326,34,,0.433,0.568
117,Senate,40902,63,0,ID,200,,,"RISCH, James",R000584,1943.0,,0.593,0.517,-67.37481,0.81173,323,36,,0.461,0.611
117,Senate,15021,21,0,IL,100,,,"DURBIN, Richard Joseph",D000563,1944.0,,-0.348,-0.306,-4.80279,0.98551,329,2,,-0.283,-0.151
117,Senate,21325,21,0,IL,100,,,"DUCKWORTH, Tammy",D000622,1968.0,,-0.335,0.104,-7.48766,0.97743,328,3,,-0.286,-0.351
117,Senate,21133,22,0,IN,200,,,"YOUNG, Todd",Y000064,1972.0,,0.467,-0.021,-48.90375,0.85869,321,22,,0.416,0.14
117,Senate,41900,22,0,IN,200,,,"BRAUN, Michael",B001310,1954.0,,0.8,0.6,-50.72209,0.85257,318,23,,0.671,0.343
117,Senate,14226,31,0,IA,200,,,"GRASSLEY, Charles Ernest",G000386,1933.0,,0.348,-0.069,-73.037,0.80092,329,28,,0.424,-0.357
117,Senate,41502,31,0,IA,200,,,"ERNST, Joni",E000295,1970.0,,0.532,-0.108,-59.36766,0.83444,328,30,,0.565,-0.31
117,Senate,21734,32,0,KS,200,,,"MARSHALL, Roger Wayne",M001198,1960.0,,0.55,0.125,-58.76201,0.83176,319,23,,0.63,-0.105
117,Senate,29722,32,0,KS,200,,,"MORAN, Jerry",M000934,1954.0,,0.415,0.21,-53.86783,0.84049,310,23,,0.407,0.304
117,Senate,14921,51,0,KY,200,,,"McCONNELL, Addison Mitchell (Mitch)",M000355,1942.0,,0.404,0.023,-51.09699,0.85615,329,23,,0.398,0.292
117,Senate,41104,51,0,KY,200,,,"PAUL, Rand",P000603,1963.0,,0.878,-0.479,-62.78888,0.81339,304,27,,0.886,-0.464
117,Senate,20919,45,0,LA,200,,,"CASSIDY, Bill",C001075,1957.0,,0.456,-0.092,-74.9864,0.79452,326,35,,0.448,-0.041
117,Senate,41703,45,0,LA,200,,,"KENNEDY, John Neely",K000393,1951.0,,0.604,0.122,-63.15346,0.8209,320,27,,0.638,-0.083
117,Senate,41300,2,0,ME,328,,,"KING, Angus Stanley, Jr.",K000383,1944.0,,-0.158,-0.22,-14.43648,0.95681,327,5,,-0.171,-0.183
117,Senate,49703,2,0,ME,200,,,"COLLINS, Susan Margaret",C001035,1952.0,,0.115,-0.537,-35.81677,0.89685,329,16,,0.145,-0.549
117,Senate,15408,52,0,MD,100,,,"CARDIN, Benjamin Louis",C000141,1943.0,,-0.319,-0.222,-5.69937,0.98272,327,4,,-0.297,-0.207
117,Senate,20330,52,0,MD,100,,,"VAN HOLLEN, Christopher",V000128,1959.0,,-0.391,-0.208,-5.91531,0.98218,329,3,,-0.408,0.096
117,Senate,14435,3,0,MA,100,,,"MARKEY, Edward John",M000133,1946.0,,-0.513,-0.458,-5.28191,0.98403,328,2,,-0.511,-0.627
117,Senate,41301,3,0,MA,100,,,"WARREN, Elizabeth",W000817,1949.0,,-0.758,-0.299,-7.82807,0.97649,329,4,,-0.657,-0.124
117,Senate,20923,23,0,MI,100,,,"PETERS, Gary C.",P000595,1958.0,,-0.246,-0.185,-5.97542,0.9815,320,2,,-0.258,0.058
117,Senate,29732,23,0,MI,100,,,"STABENOW, Deborah Ann",S000770,1950.0,,-0.342,-0.013,-6.86561,0.97929,328,2,,-0.312,0.201
117,Senate,40700,33,0,MN,100,,,"KLOBUCHAR, Amy",K000367,1960.0,,-0.284,-0.375,-6.24908,0.98096,325,4,,-0.346,-0.05
117,Senate,41706,33,0,MN,100,,,"SMITH, Tina",S001203,1958.0,,-0.398,-0.059,-5.80693,0.98218,323,3,,-0.412,-0.177
117,Senate,29534,46,0,MS,200,,,"WICKER, Roger F.",W000437,1951.0,,0.378,0.357,-51.46954,0.85477,328,25,,0.391,0.453
117,Senate,41707,46,0,MS,200,,,"HYDE-SMITH, Cindy",H001079,1959.0,,0.406,0.35,-61.4239,0.82827,326,31,,0.43,0.329
117,Senate,29735,34,0,MO,200,,,"BLUNT, Roy",B000575,1950.0,,0.416,0.261,-83.44038,0.76664,314,38,,0.31,0.3
117,Senate,41901,34,0,MO,200,,,"HAWLEY, Joshua David",H001089,1979.0,,0.703,-0.324,-71.1561,0.80498,328,31,,0.817,-0.328
117,Senate,21338,64,0,MT,200,,,"DAINES, Steve",D000618,1962.0,,0.569,-0.094,-48.35734,0.86135,324,20,,0.609,0.04
117,Senate,40702,64,0,MT,100,,,"TESTER, Jon",T000464,1956.0,,-0.215,0.146,-19.43203,0.94248,328,8,,-0.172,0.14
117,Senate,41302,35,0,NE,200,,,"FISCHER, Debra (Deb)",F000463,1951.0,,0.453,0.291,-55.76587,0.84409,329,20,,0.428,0.163
117,Senate,41503,35,0,NE,200,,,"SASSE, Benjamin Eric",S001197,1972.0,,0.719,-0.202,-74.26632,0.7923,319,32,,0.579,-0.063
117,Senate,21743,65,0,NV,100,,,"ROSEN, Jacklyn Sheryl",R000608,1957.0,,-0.285,0.284,-11.52108,0.96559,329,4,,-0.282,-0.124
117,Senate,41700,65,0,NV,100,,,"CORTEZ MASTO, Catherine Marie",C001113,1964.0,,-0.367,0.327,-12.82106,0.96178,329,4,,-0.282,-0.124
117,Senate,40906,4,0,NH,100,,,"SHAHEEN, Jeanne",S001181,1947.0,,-0.237,-0.145,-7.18781,0.97813,325,3,,-0.21,-0.245
117,Senate,41702,4,0,NH,100,,,"HASSAN, Margaret (Maggie)",H001076,1958.0,,-0.23,-0.027,-12.28447,0.96335,329,6,,-0.192,-0.059
117,Senate,29373,12,0,NJ,100,,,"MENENDEZ, Robert",M000639,1954.0,,-0.367,-0.123,-14.20781,0.95773,329,4,,-0.563,0.013
117,Senate,41308,12,0,NJ,100,,,"BOOKER, Cory Anthony",B001288,1969.0,,-0.591,-0.266,-4.87973,0.98448,312,2,,-0.469,-0.714
117,Senate,20930,66,0,NM,100,,,"HEINRICH, Martin",H001046,1971.0,,-0.33,-0.019,-11.03368,0.96558,315,5,,-0.416,0.226
117,Senate,20932,66,0,NM,100,,,"LUJÁN, Ben Ray",L000570,1972.0,,-0.368,0.017,-9.99659,0.96998,328,5,,-0.368,0.159
117,Senate,14858,13,0,NY,100,,,"SCHUMER, Charles Ellis (Chuck)",S000148,1950.0,,-0.359,-0.405,-6.77899,0.97961,329,2,,-0.342,-0.445
117,Senate,20735,13,0,NY,100,,,"GILLIBRAND, Kirsten",G000555,1966.0,,-0.473,-0.421,-5.04549,0.98474,328,2,,-0.428,-0.37
117,Senate,29548,47,0,NC,200,,,"BURR, Richard M.",B001135,1955.0,,0.442,-0.054,-70.80511,0.79639,311,35,,0.329,0.244
117,Senate,41504,47,0,NC,200,,,"TILLIS, Thomas Roland (Thom)",T000476,1960.0,,0.428,0.048,-54.2416,0.83948,310,26,,0.436,-0.003
117,Senate,21350,36,0,ND,200,,,"CRAMER, Kevin",C001096,1961.0,,0.39,0.307,-56.6447,0.8325,309,29,,0.385,0.404
117,Senate,41107,36,0,ND,200,,,"HOEVEN, John",H001061,1957.0,,0.356,0.352,-61.56699,0.82886,328,25,,0.413,0.337
117,Senate,29386,24,0,OH,200,,,"PORTMAN, Robert Jones (Rob)",P000449,1955.0,,0.37,-0.228,-54.69155,0.84599,327,18,,0.316,-0.03
117,Senate,29389,24,0,OH,100,,,"BROWN, Sherrod",B000944,1952.0,,-0.428,-0.11,-6.28149,0.98097,327,3,,-0.346,-0.05
117,Senate,15424,53,0,OK,200,,,"INHOFE, James Mountain",I000024,1934.0,,0.555,0.046,-41.14292,0.87264,302,16,,0.537,0.116
117,Senate,21166,53,0,OK,200,,,"LANKFORD, James",L000575,1968.0,,0.592,0.16,-42.31528,0.87931,329,16,,0.631,-0.035
117,Senate,14871,72,0,OR,100,,,"WYDEN, Ronald Lee",W000779,1949.0,,-0.33,-0.476,-4.08618,0.98766,329,2,,-0.441,-0.355
117,Senate,40908,72,0,OR,100,,,"MERKLEY, Jeff",M001176,1956.0,,-0.44,-0.74,-6.07528,0.9817,329,2,,-0.353,-0.678
117,Senate,29935,14,0,PA,200,,,"TOOMEY, Patrick Joseph",T000461,1961.0,,0.638,-0.304,-67.4797,0.80551,312,32,,0.607,-0.409
117,Senate,40703,14,0,PA,100,,,"CASEY, Robert (Bob), Jr.",C001070,1960.0,,-0.314,0.191,-12.79831,0.96173,328,5,,-0.289,0.274
117,Senate,29142,5,0,RI,100,,,"REED, John F. (Jack)",R000122,1949.0,,-0.367,-0.172,-4.78269,0.98557,329,2,,-0.466,-0.167
117,Senate,40704,5,0,RI,100,,,"WHITEHOUSE, Sheldon",W000802,1955.0,,-0.355,-0.082,-6.5205,0.98026,327,3,,-0.469,-0.141
117,Senate,21173,48,0,SC,200,,,"SCOTT, Tim",S001184,1965.0,,0.632,-0.009,-50.69593,0.85516,324,22,,0.618,-0.022
117,Senate,29566,48,0,SC,200,,,"GRAHAM, Lindsey O.",G000359,1955.0,,0.398,-0.178,-66.279,0.80118,299,26,,0.309,-0.093
117,Senate,29754,37,0,SD,200,,,"THUNE, John",T000250,1961.0,,0.417,0.146,-49.32743,0.85918,325,24,,0.494,0.035
117,Senate,41505,37,0,SD,200,,,"ROUNDS, Marion Michael (Mike)",R000605,1954.0,,0.388,0.115,-39.28154,0.85566,252,14,,0.353,0.116
117,Senate,20351,54,0,TN,200,,,"BLACKBURN, Marsha",B001243,1952.0,,0.624,0.141,-33.79485,0.89703,311,11,,0.73,0.234
117,Senate,42100,54,0,TN,200,,,"HAGERTY, William Francis (Bill)",H000601,1959.0,,0.746,-0.247,-29.98896,0.91237,327,11,,0.746,-0.247
117,Senate,40305,49,0,TX,200,,,"CORNYN, John",C001056,1952.0,,0.484,-0.033,-63.02363,0.82567,329,34,,0.446,-0.085
117,Senate,41304,49,0,TX,200,,,"CRUZ, Rafael Edward (Ted)",C001098,1970.0,,0.836,-0.278,-34.16309,0.90108,328,16,,0.857,-0.249
117,Senate,41110,67,0,UT,200,,,"LEE, Mike",L000577,1971.0,,0.913,-0.408,-63.60871,0.82274,326,29,,0.848,-0.476
117,Senate,41902,67,0,UT,200,,,"ROMNEY, Willard Mitt (Mitt)",R000615,1947.0,,0.304,0.407,-63.97166,0.82281,328,30,,0.288,0.197
117,Senate,14307,6,0,VT,100,,,"LEAHY, Patrick Joseph",L000174,1940.0,,-0.36,-0.122,-4.02053,0.98767,324,1,,-0.417,-0.303
117,Senate,29147,6,0,VT,328,,,"SANDERS, Bernard",S000033,1941.0,,-0.531,-0.397,-34.9173,0.89813,325,13,,-0.866,-0.5
117,Senate,40909,40,0,VA,100,,,"WARNER, Mark",W000805,1954.0,,-0.203,-0.038,-6.0462,0.98174,328,1,,-0.283,-0.151
117,Senate,41305,40,0,VA,100,,,"KAINE, Timothy Michael (Tim)",K000384,1958.0,,-0.243,-0.054,-8.66842,0.97392,328,2,,-0.263,0.068
117,Senate,39310,73,0,WA,100,,,"CANTWELL, Maria E.",C000127,1958.0,,-0.304,-0.419,-4.28194,0.98683,323,2,,-0.427,-0.099
117,Senate,49308,73,0,WA,100,,,"MURRAY, Patty",M001111,1950.0,,-0.352,-0.311,-3.86482,0.98807,322,1,,-0.446,-0.173
117,Senate,20146,56,0,WV,200,,,"CAPITO, Shelley Moore",C001047,1953.0,,0.267,0.065,-47.91603,0.86447,329,19,,0.322,0.082
117,Senate,40915,56,0,WV,100,,,"MANCHIN, Joe, III",M001183,1947.0,,-0.057,0.443,-38.69349,0.8871,323,10,,-0.064,0.425
117,Senate,29940,25,0,WI,100,,,"BALDWIN, Tammy",B001230,1962.0,,-0.492,-0.14,-5.87205,0.98231,329,4,,-0.437,-0.229
117,Senate,41111,25,0,WI,200,,,"JOHNSON, Ron",J000293,1955.0,,0.598,-0.263,-62.60836,0.82379,323,31,,0.561,-0.162
117,Senate,20953,68,0,WY,200,,,"LUMMIS, Cynthia M.",L000571,1954.0,,0.679,-0.392,-54.79417,0.84441,324,21,,0.699,-0.371
117,Senate,40707,68,0,WY,200,,,"BARRASSO, John A.",B001261,1952.0,,0.546,0.245,-34.8905,0.89701,321,11,,0.615,0.04
